<?xml version="1.0" encoding="UTF-8" ?>
<XMLDB PATH="blocks/marginalia/db" VERSION="20100211" COMMENT="XMLDB file for Marginalia annotation for Moodle"
    xmlns:xsi="http://www.w3.org/2001/XMLSchema-instance"
    xsi:noNamespaceSchemaLocation="../../../lib/xmldb/xmldb.xsd"
>
  <TABLES>
    <TABLE NAME="marginalia" COMMENT="All annotations are stored here" NEXT="marginalia_read">
      <FIELDS>
        <FIELD NAME="id" TYPE="int" LENGTH="10" NOTNULL="true" UNSIGNED="true" SEQUENCE="true" NEXT="course"/>
        <FIELD NAME="course" TYPE="int" LENGTH="10" NOTNULL="true" UNSIGNED="true" SEQUENCE="false" NEXT="userid" PREVIOUS="id"/>
        <FIELD NAME="userid" TYPE="int" LENGTH="10" NOTNULL="true" UNSIGNED="true" DEFAULT="0" SEQUENCE="false" PREVIOUS="course" NEXT="sheet_type"/>
        <FIELD NAME="sheet_type" TYPE="int" LENGTH="10" NOTNULL="true" UNSIGNED="true" DEFAULT="0" SEQUENCE="false" PREVIOUS="userid" NEXT="url"/>
        <FIELD NAME="url" TYPE="char" LENGTH="255" NOTNULL="true" SEQUENCE="false" PREVIOUS="sheet_type" NEXT="start_block"/>

        <FIELD NAME="start_block" TYPE="char" LENGTH="255" NOTNULL="false" SEQUENCE="false" PREVIOUS="url" NEXT="start_xpath"/>
        <FIELD NAME="start_xpath" TYPE="char" LENGTH="255" NOTNULL="false" SEQUENCE="false" PREVIOUS="start_block" NEXT="start_line"/>
        <FIELD NAME="start_line" TYPE="int" LENGTH="10" NOTNULL="true" UNSIGNED="true" DEFAULT="0" SEQUENCE="false" PREVIOUS="start_xpath" NEXT="start_word"/>
        <FIELD NAME="start_word" TYPE="int" LENGTH="10" NOTNULL="true" UNSIGNED="true" DEFAULT="0" SEQUENCE="false" PREVIOUS="start_line" NEXT="start_char"/>
        <FIELD NAME="start_char" TYPE="int" LENGTH="10" NOTNULL="true" UNSIGNED="true" DEFAULT="0" SEQUENCE="false" PREVIOUS="start_word" NEXT="end_block"/>
        <FIELD NAME="end_block" TYPE="char" LENGTH="255" NOTNULL="false" SEQUENCE="false" PREVIOUS="start_char" NEXT="end_xpath"/>
        <FIELD NAME="end_xpath" TYPE="char" LENGTH="255" NOTNULL="false" SEQUENCE="false" PREVIOUS="end_block" NEXT="end_line"/>
        <FIELD NAME="end_line" TYPE="int" LENGTH="10" NOTNULL="true" UNSIGNED="true" DEFAULT="0" SEQUENCE="false" PREVIOUS="end_xpath" NEXT="end_word"/>
        <FIELD NAME="end_word" TYPE="int" LENGTH="10" NOTNULL="true" UNSIGNED="true" DEFAULT="0" SEQUENCE="false" PREVIOUS="end_line" NEXT="end_char"/>

        <FIELD NAME="end_char" TYPE="int" LENGTH="10" NOTNULL="true" UNSIGNED="true" DEFAULT="0" SEQUENCE="false" PREVIOUS="end_word" NEXT="note"/>
        <FIELD NAME="note" TYPE="text" LENGTH="small" NOTNULL="false" SEQUENCE="false" PREVIOUS="end_char" NEXT="quote"/>
        <FIELD NAME="quote" TYPE="text" LENGTH="small" NOTNULL="false" SEQUENCE="false" PREVIOUS="note" NEXT="quote_title"/>
        <FIELD NAME="quote_title" TYPE="char" LENGTH="255" NOTNULL="false" SEQUENCE="false" PREVIOUS="quote" NEXT="quote_author_id"/>
        <FIELD NAME="quote_author_id" TYPE="int" LENGTH="10" NOTNULL="true" UNSIGNED="true" DEFAULT="0" SEQUENCE="false" PREVIOUS="quote_title" NEXT="action"/>
        <FIELD NAME="action" TYPE="char" LENGTH="30" NOTNULL="false" SEQUENCE="false" PREVIOUS="quote_author_id" NEXT="link"/>
        <FIELD NAME="link" TYPE="char" LENGTH="255" NOTNULL="false" SEQUENCE="false" PREVIOUS="action" NEXT="link_title"/>
        <FIELD NAME="link_title" TYPE="char" LENGTH="255" NOTNULL="false" SEQUENCE="false" PREVIOUS="link" NEXT="created"/>
        <FIELD NAME="created" TYPE="int" LENGTH="10" NOTNULL="true" UNSIGNED="true" DEFAULT="0" SEQUENCE="false" PREVIOUS="link_title" NEXT="modified"/>

        <FIELD NAME="modified" TYPE="int" LENGTH="10" NOTNULL="true" UNSIGNED="true" DEFAULT="0" SEQUENCE="false" PREVIOUS="created" NEXT="object_type"/>
        <FIELD NAME="object_type" TYPE="int" LENGTH="10" NOTNULL="true" UNSIGNED="true" DEFAULT="0" SEQUENCE="false" PREVIOUS="modified" NEXT="object_id"/>
        <FIELD NAME="object_id" TYPE="int" LENGTH="10" NOTNULL="true" UNSIGNED="true" DEFAULT="0" SEQUENCE="false" PREVIOUS="object_type"/>
      </FIELDS>
      <KEYS>
        <KEY NAME="primary" TYPE="primary" FIELDS="id"/>
      </KEYS>
      <INDEXES>
        <INDEX NAME="object" UNIQUE="false" FIELDS="object_type, object_id"/>
      </INDEXES>
    </TABLE>
    <TABLE NAME="marginalia_read" COMMENT="Tracks when a user last read a given annotation." PREVIOUS="marginalia">
      <FIELDS>
        <FIELD NAME="id" TYPE="int" LENGTH="10" NOTNULL="true" UNSIGNED="true" SEQUENCE="true" NEXT="annotationid"/>
        <FIELD NAME="annotationid" TYPE="int" LENGTH="10" NOTNULL="true" UNSIGNED="true" SEQUENCE="false" PREVIOUS="id" NEXT="userid"/>
        <FIELD NAME="userid" TYPE="int" LENGTH="10" NOTNULL="true" UNSIGNED="true" SEQUENCE="false" PREVIOUS="annotationid" NEXT="firstread"/>
        <FIELD NAME="firstread" TYPE="int" LENGTH="10" NOTNULL="true" UNSIGNED="true" SEQUENCE="false" PREVIOUS="userid" NEXT="lastread"/>
        <FIELD NAME="lastread" TYPE="int" LENGTH="10" NOTNULL="true" UNSIGNED="true" SEQUENCE="false" PREVIOUS="firstread"/>
      </FIELDS>
      <KEYS>
        <KEY NAME="primary" TYPE="primary" FIELDS="id"/>
      </KEYS>
      <INDEXES>
        <INDEX NAME="lastread" UNIQUE="true" FIELDS="annotationid, userid"/>
      </INDEXES>
    </TABLE>
  </TABLES>
</XMLDB>